{
  "timestamp": "2026-01-05T16:39:33.116829",
  "config": {
    "iterations": 500,
    "data_size": "medium",
    "simulation": true
  },
  "database_cache": {
    "string_data": {
      "set_operations": {
        "mean": 14.523873000000094,
        "median": 14.616100000239385,
        "min": 8.16930000019056,
        "max": 20.470499999646563,
        "std_dev": 3.479885090665555,
        "p95": 19.79639999990468
      },
      "get_operations": {
        "mean": 10.14629580003566,
        "median": 9.725900000375987,
        "min": 5.2109000007476425,
        "max": 15.40720000048168,
        "std_dev": 2.8555350293555786,
        "p95": 14.881899999636516,
        "cache_hit_rate": 100.0
      },
      "delete_operations": {
        "mean": 7.013445199989292,
        "median": 7.0432000002256245,
        "min": 3.0949000001783133,
        "max": 10.369099999479658,
        "std_dev": 1.951972437189736,
        "p95": 9.966800000256626
      },
      "data_size_bytes": 1000
    },
    "dict_data": {
      "set_operations": {
        "mean": 14.24346759999753,
        "median": 14.238700000532845,
        "min": 8.127999999487656,
        "max": 20.533699999759847,
        "std_dev": 3.56211442673679,
        "p95": 19.55420000012964
      },
      "get_operations": {
        "mean": 10.51222960002815,
        "median": 10.759049999705894,
        "min": 5.376000000069325,
        "max": 15.306299999792827,
        "std_dev": 2.912093201822431,
        "p95": 14.773399999285175,
        "cache_hit_rate": 100.0
      },
      "delete_operations": {
        "mean": 6.768226600019261,
        "median": 6.671999999980471,
        "min": 3.1065000002854504,
        "max": 10.440799999742012,
        "std_dev": 1.9975462990338309,
        "p95": 9.870599999885599
      },
      "data_size_bytes": 840
    },
    "list_data": {
      "set_operations": {
        "mean": 14.230148200009353,
        "median": 14.264099999763857,
        "min": 8.247900000242225,
        "max": 20.37060000020574,
        "std_dev": 3.5601828920678438,
        "p95": 19.756799999413488
      },
      "get_operations": {
        "mean": 10.258674400005475,
        "median": 10.235449999981938,
        "min": 5.203200000323704,
        "max": 15.543599999546132,
        "std_dev": 2.9561326651007844,
        "p95": 14.795999999478227,
        "cache_hit_rate": 100.0
      },
      "delete_operations": {
        "mean": 6.828362200030824,
        "median": 6.8488499996419705,
        "min": 3.046300000278279,
        "max": 10.454300000674266,
        "std_dev": 2.058127131004117,
        "p95": 10.024399999565503
      },
      "data_size_bytes": 1090
    },
    "user_profile": {
      "set_operations": {
        "mean": 14.213319999977102,
        "median": 13.848450000295998,
        "min": 8.171299999958137,
        "max": 20.59370000006311,
        "std_dev": 3.4958334611421393,
        "p95": 19.820000000436266
      },
      "get_operations": {
        "mean": 10.37571019999632,
        "median": 10.474750000412314,
        "min": 5.130999999892083,
        "max": 15.417599999636877,
        "std_dev": 2.945679316202617,
        "p95": 14.758100000108243,
        "cache_hit_rate": 100.0
      },
      "delete_operations": {
        "mean": 6.865482399991379,
        "median": 7.006599999840546,
        "min": 3.054199999496632,
        "max": 10.36759999988135,
        "std_dev": 1.9949459253737682,
        "p95": 9.844799999882525
      },
      "data_size_bytes": 762
    },
    "database_queries": 6000
  },
  "redis_cache": {
    "string_data": {
      "set_operations": {
        "mean": 2.2815818000144645,
        "median": 2.1705000003748864,
        "min": 1.1529000003065448,
        "max": 3.4761999995680526,
        "std_dev": 0.5519921146309732,
        "p95": 3.1065000002854504
      },
      "get_operations": {
        "mean": 1.56784759999573,
        "median": 1.530699999875651,
        "min": 0.5639000000883243,
        "max": 2.5521999996271916,
        "std_dev": 0.4408171711030102,
        "p95": 2.138300000297022,
        "cache_hit_rate": 100.0
      },
      "delete_operations": {
        "mean": 1.5531859999791777,
        "median": 1.5288000004147762,
        "min": 0.8473999996567727,
        "max": 2.509299999474024,
        "std_dev": 0.4222400930172,
        "p95": 2.1469999992405064
      },
      "data_size_bytes": 1000
    },
    "dict_data": {
      "set_operations": {
        "mean": 2.320899200014537,
        "median": 2.3836000000301283,
        "min": 1.0441000003993395,
        "max": 3.549199999724806,
        "std_dev": 0.5839033182469237,
        "p95": 3.16229999953066
      },
      "get_operations": {
        "mean": 1.553382199990665,
        "median": 1.538699999855453,
        "min": 0.7072999997035367,
        "max": 2.514000000701344,
        "std_dev": 0.4278320914398879,
        "p95": 2.124999999978172,
        "cache_hit_rate": 100.0
      },
      "delete_operations": {
        "mean": 1.5499371999812865,
        "median": 1.5364499995484948,
        "min": 0.5528000001504552,
        "max": 2.513600000384031,
        "std_dev": 0.44967488773444597,
        "p95": 2.147500000319269
      },
      "data_size_bytes": 840
    },
    "list_data": {
      "set_operations": {
        "mean": 2.305089399966164,
        "median": 2.1940000001450244,
        "min": 1.0827999994944548,
        "max": 3.569900000002235,
        "std_dev": 0.5936332507729594,
        "p95": 3.169599999637285
      },
      "get_operations": {
        "mean": 1.5680862000081106,
        "median": 1.5400999996018072,
        "min": 0.9173999997074134,
        "max": 2.510900000743277,
        "std_dev": 0.42167100922662343,
        "p95": 2.179000000069209,
        "cache_hit_rate": 100.0
      },
      "delete_operations": {
        "mean": 1.5330220000050758,
        "median": 1.5255000002980523,
        "min": 0.8379000000786618,
        "max": 2.691200000299432,
        "std_dev": 0.41219652640493465,
        "p95": 2.088599999297003
      },
      "data_size_bytes": 1090
    },
    "user_profile": {
      "set_operations": {
        "mean": 2.3551119999938237,
        "median": 2.451300000302581,
        "min": 1.2785999997504405,
        "max": 3.459900000052585,
        "std_dev": 0.5832120520547334,
        "p95": 3.1744000007165596
      },
      "get_operations": {
        "mean": 1.5670422000075632,
        "median": 1.530300000013085,
        "min": 0.6137999998827581,
        "max": 2.500999999938358,
        "std_dev": 0.4314178072254385,
        "p95": 2.169500000491098,
        "cache_hit_rate": 100.0
      },
      "delete_operations": {
        "mean": 1.5640600000078848,
        "median": 1.536849999865808,
        "min": 0.753199999962817,
        "max": 2.687299999706738,
        "std_dev": 0.41683809831540164,
        "p95": 2.1360000000640866
      },
      "data_size_bytes": 762
    }
  }
}